Country_Name,Deaths,Confirmed
Afghanistan,7243,155764
Albania,2820,177971
Algeria,5872,205286
Andorra,130,15338
Angola,1664,62842
Antigua and Barbuda,95,3888
Argentina,115666,5272551
Armenia,5778,281991
Australia,11,1588
Australia,529,71658
Australia,0,225
Australia,7,2071
Australia,4,915
Australia,13,237
Australia,970,67457
Australia,9,1112
Austria,11167,775782
Azerbaijan,6765,502207
Bahamas,590,21580
Bahrain,1391,276118
Bangladesh,27768,1565488
Barbados,119,12968
Belarus,4402,571987
Belgium,0,168222
Belgium,0,173552
Belgium,0,143363
Belgium,0,103133
Belgium,0,176918
Belgium,0,155428
Belgium,0,70998
Belgium,0,35668
Belgium,0,65719
Belgium,25747,25210
Belgium,0,50031
Belgium,0,111627
Belize,461,23990
Benin,161,24560
Bhutan,3,2617
Bolivia,18834,506654
Bosnia and Herzegovina,11110,243914
Botswana,2386,181856
Brazil,1842,88007
Brazil,6259,239312
Brazil,1988,123270
Brazil,13756,427164
Brazil,26968,1239893
Brazil,24378,942178
Brazil,10703,510684
Brazil,12753,598571
Brazil,23944,885725
Brazil,10212,358645
Brazil,13630,539461
Brazil,9623,375110
Brazil,55209,2167487
Brazil,16709,595161
Brazil,9371,443885
Brazil,39810,1535331
Brazil,19890,626258
Brazil,7067,322860
Brazil,7364,370895
Brazil,35183,1453179
Brazil,67584,1306819
Brazil,6551,267513
Brazil,2018,126305
Brazil,19492,1205855
Brazil,151126,4389848
Brazil,6021,278321
Brazil,3831,226727
Brunei,73,10860
Bulgaria,22274,540619
Burkina Faso,203,14734
Burma,18359,487853
Burundi,38,19555
Cabo Verde,347,38040
Cambodia,2658,116665
Cameroon,1550,98402
Canada,2946,314252
Canada,2055,196433
Canada,1,0
Canada,0,13
Canada,1230,61987
Canada,90,5793
Canada,13,1881
Canada,9,1638
Canada,98,7077
Canada,4,674
Canada,9864,602864
Canada,0,309
Canada,11444,419718
Canada,0,13
Canada,781,74394
Canada,10,837
Central African Republic,100,11469
Chad,174,5067
Chile,1252,62121
Chile,1515,98644
Chile,536,27650
Chile,357,27593
Chile,79,8409
Chile,2694,152263
Chile,1031,49249
Chile,1409,89371
Chile,696,49575
Chile,499,29259
Chile,1786,102722
Chile,19262,701531
Chile,646,36332
Chile,1558,69312
Chile,810,41998
Chile,0,48
Chile,3479,124673
China,6,1008
China,9,1128
China,6,603
China,1,1294
China,2,199
China,8,3201
China,2,320
China,2,147
China,6,190
China,7,1318
China,13,1712
China,22,1550
China,213,12294
China,4512,68303
China,4,1191
China,1,423
China,0,1600
China,1,937
China,3,577
China,2,463
China,0,77
China,0,77
China,0,18
China,3,687
China,7,962
China,7,2677
China,0,260
China,3,1220
China,3,500
China,0,1
China,0,0
China,3,981
China,2,1546
China,1,1457
Colombia,255,6828
Colombia,16208,751757
Colombia,461,13473
Colombia,9511,326023
Colombia,2980,157261
Colombia,2556,105529
Colombia,2265,100550
Colombia,27522,1452496
Colombia,937,22902
Colombia,927,35593
Colombia,1550,56011
Colombia,2497,89490
Colombia,398,16408
Colombia,3740,104060
Colombia,6811,264079
Colombia,29,2298
Colombia,97,5137
Colombia,3142,88345
Colombia,1344,42775
Colombia,3342,95426
Colombia,2272,89556
Colombia,3024,89721
Colombia,4287,91504
Colombia,669,16373
Colombia,1745,56492
Colombia,2228,87765
Colombia,136,6922
Colombia,7301,225764
Colombia,1623,59161
Colombia,3663,107488
Colombia,296,0
Colombia,12979,409652
Colombia,17,1753
Colombia,53,2940
Comoros,147,4186
Congo (Brazzaville),222,15514
Congo (Kinshasa),1089,57269
Costa Rica,6797,551144
Cote d'Ivoire,682,61038
Croatia,8896,427914
Cuba,8058,934965
Cyprus,563,121995
Czechia,30545,1708925
Denmark,2,1350
Denmark,0,654
Denmark,2685,368651
Diamond Princess,13,712
Djibouti,179,13396
Dominica,28,4153
Dominican Republic,4087,370451
Ecuador,32899,513026
Egypt,17970,318456
El Salvador,3477,110188
Equatorial Guinea,156,12840
Eritrea,45,6774
Estonia,1426,172514
Eswatini,1233,46363
Ethiopia,6217,359247
Fiji,663,51701
Finland,1116,149897
France,293,43255
France,633,45439
France,800,53836
France,656,42269
France,181,20439
France,241,9977
France,370,54024
France,6,1658
France,0,32
France,55,3878
France,7,454
France,114941,6914305
Gabon,213,33442
Gambia,339,9946
Georgia,9468,662334
Germany,10827,597918
Germany,15865,763488
Germany,3664,213643
Germany,3873,119505
Germany,523,34399
Germany,1763,94529
Germany,7801,342583
Germany,1212,50954
Germany,6028,309482
Germany,18020,981982
Germany,4042,186255
Germany,1060,48690
Germany,10251,307851
Germany,3564,107101
Germany,1703,78239
Germany,4436,141306
Germany,0,4094
Ghana,1167,129440
Greece,15375,693886
Grenada,192,5746
Guatemala,14330,588069
Guinea,385,30572
Guinea-Bissau,141,6130
Guyana,870,34455
Haiti,657,22933
Holy See,0,27
Honduras,10096,372179
Hungary,30351,833115
Iceland,33,12455
India,129,7641
India,14307,2060472
India,280,54987
India,5950,606468
India,9661,726026
India,820,65302
India,13570,1005654
India,4,10676
India,25089,1439390
India,3346,177522
India,10086,826290
India,10049,771076
India,3720,221437
India,4426,331062
India,5135,348430
India,37941,2983459
India,26865,4854321
India,208,20878
India,51,10365
India,10523,792684
India,139789,6591697
India,1897,122737
India,1435,82953
India,386,112848
India,674,31611
India,8285,1035077
India,1850,127396
India,16544,602035
India,8954,954390
India,391,31749
India,35899,2687092
India,3938,668955
India,816,84321
India,0,0
India,22898,1710028
India,7397,343756
India,18977,1580530
Indonesia,142952,4234758
Iran,124075,5784815
Iraq,22756,2035453
Ireland,5306,415114
Israel,7999,1316317
Italy,2553,81892
Italy,623,30538
Italy,1431,85592
Italy,8004,460944
Italy,13532,427870
Italy,3832,114886
Italy,8714,388947
Italy,4418,113762
Italy,34114,888797
Italy,3086,114904
Italy,498,14565
Italy,1199,77799
Italy,1375,48798
Italy,11790,381790
Italy,6816,270433
Italy,1658,75841
Italy,6937,303414
Italy,7231,285873
Italy,1456,64317
Italy,474,12248
Italy,11800,474689
Jamaica,2110,87389
Japan,1153,106426
Japan,27,1894
Japan,38,5874
Japan,1016,100216
Japan,82,5319
Japan,37,3100
Japan,620,74363
Japan,175,9479
Japan,217,18677
Japan,176,16728
Japan,199,21957
Japan,1469,60608
Japan,1392,78373
Japan,218,24378
Japan,130,7945
Japan,53,3487
Japan,38,4696
Japan,67,9098
Japan,1296,168783
Japan,32,4141
Japan,136,14407
Japan,290,35875
Japan,164,14743
Japan,118,16304
Japan,41,6136
Japan,96,8831
Japan,73,6078
Japan,150,15552
Japan,61,7981
Japan,84,8195
Japan,136,15223
Japan,363,50151
Japan,3023,201776
Japan,4,4346
Japan,30,5824
Japan,1026,115547
Japan,102,12371
Japan,5,1673
Japan,209,26750
Japan,116,15437
Japan,65,3283
Japan,3089,377267
Japan,5,1665
Japan,51,4859
Japan,0,8
Japan,62,5285
Japan,57,3563
Japan,92,5690
Japan,29,5153
Jordan,10879,841489
Kazakhstan,16618,996141
Kenya,5223,252033
Kiribati,0,2
"Korea, South",2668,343445
Kosovo,2973,160540
Kuwait,2457,412332
Kyrgyzstan,2634,179845
Laos,40,32029
Latvia,2890,185614
Lebanon,8425,633909
Lesotho,655,21530
Liberia,286,5803
Libya,4883,349990
Liechtenstein,60,3584
Lithuania,5439,368641
Luxembourg,839,79720
MS Zaandam,2,9
Madagascar,960,43616
Malawi,2292,61716
Malaysia,3527,210590
Malaysia,1927,143448
Malaysia,946,131360
Malaysia,882,62388
Malaysia,1216,100382
Malaysia,631,72854
Malaysia,1016,111753
Malaysia,101,4965
Malaysia,1523,140175
Malaysia,2408,210060
Malaysia,1102,231530
Malaysia,9519,699327
Malaysia,417,65103
Malaysia,0,0
Malaysia,2534,190095
Malaysia,149,10000
Malaysia,23,6657
Maldives,238,86165
Mali,557,15619
Malta,459,37453
Marshall Islands,0,4
Mauritania,788,36677
Mauritius,129,16621
Mexico,2813,35115
Mexico,9555,64666
Mexico,2344,55728
Mexico,2013,23585
Mexico,2250,22881
Mexico,8010,66977
Mexico,39632,962766
Mexico,7302,91494
Mexico,1957,32734
Mexico,3004,48196
Mexico,12366,183285
Mexico,6046,75716
Mexico,7670,61382
Mexico,16689,158732
Mexico,43527,370598
Mexico,7886,72358
Mexico,4663,49572
Mexico,2748,33577
Mexico,12792,201601
Mexico,5376,80062
Mexico,14981,122606
Mexico,5431,95790
Mexico,4013,58937
Mexico,6515,101836
Mexico,8594,72809
Mexico,8340,110220
Mexico,5362,140131
Mexico,6632,100140
Mexico,2921,28988
Mexico,0,0
Mexico,14210,121019
Mexico,5413,72323
Mexico,3326,41232
Micronesia,0,1
Moldova,7241,316529
Monaco,35,3358
Mongolia,1556,339536
Montenegro,2023,137769
Morocco,14544,942132
Mozambique,1926,151102
Namibia,3538,128328
Nepal,11284,805037
Netherlands,170,15720
Netherlands,20,2335
Netherlands,171,16934
Netherlands,361,40554
Netherlands,253,45688
Netherlands,490,55726
Netherlands,2108,227053
Netherlands,269,52038
Netherlands,1707,135978
Netherlands,3181,318604
Netherlands,2742,349979
Netherlands,1167,133042
Netherlands,71,4444
Netherlands,15,6643
Netherlands,1307,158958
Netherlands,259,35248
Netherlands,4389,488200
New Zealand,0,1
New Zealand,28,5055
Nicaragua,206,15737
Niger,204,6170
Nigeria,2837,209298
North Macedonia,6940,197091
Norway,884,196351
Oman,4105,304054
Pakistan,740,34402
Pakistan,352,33128
Pakistan,186,10369
Pakistan,937,106469
Pakistan,5686,176886
Pakistan,12849,437974
Pakistan,7530,465819
Palau,0,8
Panama,7291,470264
Papua New Guinea,266,24041
Paraguay,16209,460322
Peru,1255,31694
Peru,6660,77497
Peru,1505,26206
Peru,9669,115100
Peru,2108,33911
Peru,4122,65876
Peru,9962,100996
Peru,4768,73729
Peru,1154,16191
Peru,2693,35600
Peru,8351,58989
Peru,7008,86357
Peru,10177,88447
Peru,8601,61626
Peru,88576,954749
Peru,4172,45075
Peru,769,13883
Peru,1514,29633
Peru,1046,15816
Peru,11962,87956
Peru,4143,40352
Peru,2999,48697
Peru,1949,29848
Peru,1563,18830
Peru,3090,32107
Peru,27,844
Philippines,40675,2720368
Poland,76112,2939590
Portugal,18097,1079806
Qatar,608,237929
Romania,41781,1457260
Russia,496,20571
Russia,4577,82728
Russia,383,22197
Russia,470,37668
Russia,1232,94828
Russia,1822,62825
Russia,2124,76813
Russia,1242,57915
Russia,1649,70353
Russia,1913,60771
Russia,664,23831
Russia,3844,102817
Russia,18,2128
Russia,2532,35704
Russia,2647,53915
Russia,348,22633
Russia,5036,115673
Russia,1714,52277
Russia,281,8656
Russia,856,33438
Russia,822,59601
Russia,635,31457
Russia,785,50601
Russia,400,20412
Russia,702,26458
Russia,929,69968
Russia,1389,59717
Russia,860,89041
Russia,1225,41195
Russia,1198,78648
Russia,564,60402
Russia,1887,74595
Russia,841,36107
Russia,6817,77841
Russia,6208,123030
Russia,759,36035
Russia,1533,61792
Russia,2508,73702
Russia,1854,57637
Russia,270,11362
Russia,648,20876
Russia,632,29792
Russia,30163,1719414
Russia,8344,480284
Russia,2205,75647
Russia,51,2534
Russia,7168,180522
Russia,663,24220
Russia,469,47203
Russia,3193,66797
Russia,2334,90915
Russia,1031,49351
Russia,2290,83690
Russia,3146,75349
Russia,5356,110763
Russia,1212,72639
Russia,852,53905
Russia,7303,147648
Russia,1261,44992
Russia,22897,663639
Russia,1339,58182
Russia,335,33958
Russia,4276,117079
Russia,3484,94768
Russia,1833,54488
Russia,3552,92040
Russia,7010,148312
Russia,1003,45864
Russia,847,28587
Russia,578,45464
Russia,3226,57164
Russia,1745,71444
Russia,2137,66247
Russia,282,27632
Russia,2361,58314
Russia,2809,88958
Russia,2101,58487
Russia,3176,98352
Russia,2059,73555
Russia,4671,143921
Russia,720,52332
Russia,1295,65310
Russia,1251,72549
Rwanda,1313,99145
Saint Kitts and Nevis,21,2550
Saint Lucia,236,12228
Saint Vincent and the Grenadines,53,4623
Samoa,0,3
San Marino,91,5473
Sao Tome and Principe,56,3677
Saudi Arabia,8763,547931
Senegal,1871,73866
Serbia,9105,1048835
Seychelles,119,21854
Sierra Leone,121,6396
Singapore,233,148178
Slovakia,12846,437385
Slovenia,4638,308136
Solomon Islands,0,20
Somalia,1180,21269
South Africa,88612,2916593
South Sudan,130,12184
Spain,11225,804840
Spain,3863,161811
Spain,2070,71073
Spain,969,99982
Spain,7793,512151
Spain,1004,96069
Spain,608,46528
Spain,6484,239232
Spain,7330,300172
Spain,15797,923748
Spain,128,7578
Spain,2000,102908
Spain,2643,186989
Spain,823,39564
Spain,16159,894546
Spain,109,11047
Spain,1742,141558
Spain,1250,82830
Spain,4977,261760
Spain,0,0
Sri Lanka,13484,531648
Sudan,3038,39550
Summer Olympics 2020,0,865
Suriname,1022,46447
Sweden,130,13444
Sweden,355,28628
Sweden,562,37306
Sweden,54,4571
Sweden,328,43191
Sweden,128,13168
Sweden,561,45581
Sweden,250,25447
Sweden,324,23562
Sweden,291,27782
Sweden,352,34220
Sweden,657,44671
Sweden,1785,165296
Sweden,482,27353
Sweden,4459,277200
Sweden,547,42584
Sweden,223,21505
Sweden,196,25944
Sweden,481,27625
Sweden,363,30019
Sweden,2428,202836
Switzerland,11156,854591
Syria,2408,39086
Taiwan*,846,16337
Tajikistan,125,17484
Tanzania,724,26034
Thailand,18273,1783701
Timor-Leste,119,19714
Togo,239,25899
Trinidad and Tobago,1600,54114
Tunisia,25098,710906
Turkey,67623,7654247
US,146,9901
US,540,37087
US,75,3556
US,86,4217
US,174,10102
US,44,1517
US,94,3248
US,470,22159
US,142,5560
US,57,3000
US,160,6592
US,27,870
US,82,4734
US,67,2407
US,58,2470
US,189,9182
US,200,8791
US,52,1856
US,38,1788
US,179,6685
US,75,2437
US,290,15325
US,181,8864
US,199,4889
US,259,12574
US,284,15086
US,127,6743
US,496,19764
US,79,2909
US,105,5935
US,126,4564
US,44,1258
US,87,3094
US,65,3112
US,405,17310
US,180,9793
US,1910,114056
US,46,2178
US,294,14157
US,117,4266
US,240,23149
US,198,15222
US,61,1741
US,62,2307
US,686,52017
US,89,3340
US,126,4958
US,300,18254
US,1323,72269
US,62,3304
US,725,33971
US,372,20659
US,0,0
US,40,1380
US,82,3139
US,105,4720
US,63,3276
US,58,6261
US,341,37304
US,337,15921
US,38,1311
US,272,13723
US,195,7044
US,599,34966
US,0,0
US,366,11089
US,51,2511
US,38,1677
US,101,4476
US,3,435
US,1,922
US,299,53032
US,25,5630
US,0,0
US,0,432
US,5,1051
US,1,518
US,1,258
US,5,735
US,72,14633
US,0,228
US,9,3615
US,48,10068
US,8,1604
US,7,2375
US,6,1961
US,84,20240
US,1,1251
US,6,2510
US,6,1578
US,3,293
US,5,486
US,5,1154
US,0,73
US,9,1136
US,1,510
US,0,0
US,0,144
US,2,232
US,5,663
US,0,3
US,481,13501
US,331,15197
US,353,22268
US,248,9332
US,113,7278
US,16,1037
US,97,3103
US,11827,718831
US,958,32482
US,609,20520
US,0,0
US,2664,139636
US,1051,71384
US,188,8916
US,0,0
US,667,27304
US,897,41187
US,59,3447
US,48,3150
US,175,5765
US,592,41620
US,126,6164
US,41,1946
US,7,590
US,73,4257
US,44,2008
US,54,3191
US,66,2689
US,89,3664
US,32,1398
US,72,3360
US,43,3124
US,241,21336
US,172,10602
US,166,8724
US,64,2929
US,19,1131
US,32,1888
US,54,2860
US,220,19371
US,51,2705
US,62,1680
US,382,15875
US,47,2863
US,122,9971
US,38,2905
US,105,7554
US,35,2396
US,156,6251
US,55,2499
US,42,4185
US,227,12283
US,56,4562
US,26,841
US,56,3238
US,48,2084
US,57,3638
US,71,1999
US,42,3591
US,174,11830
US,37,2458
US,57,2115
US,116,6387
US,137,8240
US,24,1186
US,44,1123
US,38,1354
US,36,1166
US,83,3388
US,21,1501
US,76,3177
US,35,1688
US,98,4871
US,109,2969
US,153,11859
US,29,1274
US,896,58289
US,55,3276
US,241,18381
US,29,1709
US,24,1240
US,365,22124
US,50,3812
US,66,2814
US,66,4774
US,41,1693
US,0,5105
US,135,5709
US,39,2169
US,469,44195
US,189,13056
US,24,1081
US,77,4609
US,1374,119887
US,0,102
US,64,5372
US,260,23364
US,80,3817
US,18,3017
US,982,99234
US,41,3561
US,149,16960
US,2051,144123
US,30,4303
US,108,9102
US,764,35642
US,39,1967
US,1605,144146
US,314,32369
US,104,6506
US,46,7463
US,26410,1476791
US,281,23518
US,243,17581
US,15,1273
US,86,7527
US,577,41781
US,8,669
US,5,1644
US,582,50696
US,100,12808
US,90,9039
US,5518,322741
US,0,0
US,415,38902
US,6,1575
US,4990,369344
US,2279,157621
US,72,7373
US,5566,356315
US,4163,364634
US,645,54031
US,1708,101807
US,329,29653
US,622,53828
US,521,44836
US,1890,144518
US,218,20861
US,334,23360
US,0,176
US,42,4427
US,334,45761
US,402,40711
US,1315,85157
US,169,13775
US,104,9298
US,11,860
US,951,78945
US,93,6739
US,0,186
US,1164,100524
US,247,20147
US,82,9942
US,819,73358
US,43,2329
US,824,77101
US,4,1429
US,5,415
US,23,1675
US,248,29863
US,80,6476
US,30,2172
US,7,172
US,5,748
US,32,970
US,10,364
US,22,2357
US,6,343
US,80,3791
US,923,88868
US,2,225
US,290,38986
US,31,8140
US,1062,97085
US,22,2597
US,84,8062
US,60,7636
US,3,416
US,13,2103
US,10,1803
US,0,54
US,19,602
US,0,101
US,892,60831
US,4,170
US,14,932
US,53,5569
US,1,997
US,292,37381
US,21,1730
US,7,1283
US,79,4579
US,312,22938
US,1,124
US,39,1905
US,36,2927
US,82,5111
US,98,3264
US,78,2557
US,5,422
US,0,0
US,8,1316
US,14,501
US,5,3077
US,28,1569
US,470,23954
US,8,920
US,21,1437
US,23,3245
US,8,656
US,1,95
US,4,1158
US,4,300
US,11,4688
US,25,2701
US,0,98
US,15,601
US,430,44381
US,18,1181
US,2294,111615
US,2574,97087
US,322,16861
US,393,14731
US,2227,104308
US,488,27028
US,198,11159
US,9,1347
US,213,12987
US,430,25208
US,989,79813
US,613,34475
US,0,378
US,0,49
US,1183,62976
US,285,39469
US,62,5979
US,394,32417
US,58,5332
US,914,80873
US,3079,357110
US,45,3003
US,437,23191
US,463,20360
US,352,33695
US,551,57827
US,170,14855
US,97,6868
US,24,2939
US,1483,165223
US,706,56986
US,114,14356
US,20,2258
US,99,8612
US,44,3132
US,19,1433
US,45,2984
US,25,2728
US,45,6050
US,87,7933
US,482,28487
US,366,15909
US,1832,240451
US,49,3855
US,306,22147
US,158,10108
US,28,2470
US,26,2186
US,663,54432
US,1009,126320
US,332,51157
US,56,6934
US,16,1816
US,45,3601
US,689,65237
US,996,56490
US,335,20194
US,6472,674857
US,52,10789
US,127,15385
US,367,34414
US,89,7424
US,1310,228543
US,529,71806
US,2883,225870
US,802,79003
US,1671,135454
US,1387,127969
US,160,12732
US,291,32425
US,844,56497
US,516,61847
US,221,40676
US,657,47634
US,284,14480
US,140,9181
US,48,4577
US,20886,2961
US,74,3057
US,846,75476
US,56,6362
US,89,12719
US,52,4552
US,102,3449
US,32,1555
US,55,2479
US,14,367
US,179,6605
US,59,2693
US,188,14505
US,329,20201
US,99,3178
US,61,3458
US,603,25160
US,68,2284
US,80,3098
US,67,2402
US,63,6223
US,185,11119
US,79,3711
US,107,4623
US,20,823
US,90,7832
US,85,1554
US,296,16235
US,100,9313
US,54,2224
US,655,38189
US,17,5724
US,99,4500
US,438,42949
US,171,19863
US,4,312
US,688,38797
US,35,1458
US,1341,107875
US,218,7756
US,175,7334
US,278,24539
US,58,3577
US,340,20559
US,41,1118
US,106,3118
US,19,2107
US,66,4605
US,1268,90367
US,95,4727
US,122,3563
US,54,1636
US,401,12270
US,277,22051
US,57,1817
US,11,714
US,155,8728
US,84,3187
US,117,4390
US,51,1609
US,101,3718
US,220,12984
US,353,18091
US,257,33340
US,77,3894
US,1700,130608
US,128,4566
US,20,411
US,329,15245
US,187,11127
US,86,3581
US,69,2664
US,1408,131649
US,195,7250
US,614,37376
US,80,1121
US,111,3750
US,83,3682
US,64,3460
US,33,1460
US,475,37585
US,364,24717
US,37,1412
US,201,14575
US,57,2105
US,56,2919
US,82,2644
US,55,1183
US,60,1537
US,88,3392
US,87,3375
US,15,1458
US,233,8994
US,79,4615
US,107,7449
US,32,1168
US,22,1711
US,297,21053
US,97,4732
US,40,1314
US,72,4910
US,36,955
US,72,3474
US,29,1695
US,107,2941
US,20,1197
US,98,3325
US,141,4111
US,39,1501
US,40,3106
US,130,7374
US,606,23666
US,329,16084
US,78,5584
US,38,2140
US,963,42888
US,315,24825
US,94,4008
US,110,5473
US,100,4211
US,67,3770
US,146,8382
US,57,1506
US,80,3193
US,4,253
US,58,2473
US,40,990
US,658,34658
US,228,11252
US,7,635
US,57,1782
US,24,1493
US,281,10188
US,102,4687
US,28,1510
US,128,4097
US,25,726
US,3,168
US,103,3773
US,36,1254
US,67,2211
US,56,1210
US,173,7625
US,172,8267
US,167,5375
US,79,1755
US,46,1226
US,299,10755
US,48,1682
US,59,1070
US,8,4619
US,120,3495
US,165,5371
US,135,10976
US,331,14807
US,240,7284
US,23,760
US,112,3195
US,166,5775
US,6,254
US,33,945
US,122,4755
US,327,22275
US,53,1264
US,34,1532
US,42,1486
US,87,3027
US,3,103
US,222,16795
US,112,10684
US,654,56948
US,9,2476
US,92,9724
US,5,2562
US,0,0
US,721,77510
US,9,497
US,168,12770
US,13,640
US,19,1111
US,106,6450
US,23,2952
US,9,713
US,83,5120
US,207,19011
US,24,1325
US,3,330
US,1,106
US,468,39966
US,17,956
US,34,3720
US,0,77
US,25,1585
US,5,354
US,42,3867
US,22,1534
US,16,1455
US,54,2673
US,40,2219
US,31,2012
US,42,3893
US,44,4179
US,356,27126
US,30,4356
US,16,788
US,19,724
US,12,660
US,35,8411
US,44,3070
US,91,5947
US,6,511
US,39,1568
US,57,3886
US,13,988
US,57,1859
US,5,1593
US,199,15448
US,0,2
US,10,1404
US,41,1801
US,152,13072
US,12,713
US,24,2550
US,83,7875
US,9,1058
US,89,4411
US,2,686
US,38,2356
US,30,2647
US,196,26859
US,82,5303
US,39,2649
US,54,2573
US,102,7095
US,121,7843
US,11168,631261
US,30,3308
US,26,1885
US,30,2042
US,133,12078
US,37,3247
US,1374,107465
US,49,2552
US,18,1025
US,99,6554
US,64,4289
US,59,2422
US,114,7276
US,74,5216
US,8,784
US,40,2045
US,86,7317
US,22,1333
US,35,2719
US,16,594
US,14,696
US,76,6598
US,77,4181
US,94,8065
US,21,1605
US,142,6492
US,53,3342
US,29,2145
US,31,2238
US,866,68004
US,247,17795
US,113,16104
US,169,7197
US,285,14954
US,1076,79526
US,32,3299
US,60,4769
US,97,5946
US,74,4925
US,250,15222
US,104,6893
US,590,39883
US,143,6871
US,21,1409
US,52,2116
US,48,2137
US,60,3723
US,322,34415
US,216,22871
US,13,1710
US,35,2022
US,100,5236
US,80,4876
US,99,5038
US,33,2288
US,87,7524
US,0,9
US,368,26749
US,75,4303
US,14,2006
US,58,2626
US,6,544
US,11,1037
US,4,560
US,99,5523
US,57,2784
US,358,18699
US,69,4317
US,284,25613
US,10,1064
US,6,711
US,47,3431
US,591,36147
US,28,809
US,92,5775
US,330,20525
US,2433,158
US,48,3054
US,198,14202
US,19,2166
US,65,2427
US,28,2114
US,61,2999
US,33,2785
US,181,8247
US,1118,90698
US,174,11998
US,559,40745
US,92,5735
US,73,4727
US,791,57160
US,179,11447
US,17,1501
US,40,1878
US,115,8819
US,47,1440
US,32,2582
US,119,7462
US,248,18383
US,60,4184
US,71,5671
US,22,1581
US,112,4596
US,96,6237
US,92,8154
US,101,4118
US,256,14931
US,129,8210
US,503,35546
US,86,4021
US,214,10983
US,58,3318
US,42,2627
US,66,3045
US,113,6480
US,217,9898
US,96,4211
US,460,45963
US,175,11597
US,91,6415
US,353,23647
US,150,8107
US,286,14574
US,99,6302
US,88,6917
US,75,5204
US,45,2784
US,95,5046
US,60,3832
US,440,24821
US,105,6269
US,147,12166
US,78,3520
US,249,14987
US,1151,65823
US,168,7379
US,404,18538
US,2101,134326
US,134,7786
US,19,1373
US,95,5865
US,197,15117
US,109,6184
US,176,9361
US,48,1556
US,106,7944
US,12,840
US,62,2905
US,69,3101
US,26,2297
US,52,2644
US,43,2273
US,362,22735
US,43,3742
US,55,1811
US,77,5734
US,99,3399
US,85,4924
US,32,2572
US,68,4339
US,114,7115
US,42,3364
US,607,43954
US,68,3108
US,73,5504
US,52,3266
US,11,1339
US,256,27694
US,59,2256
US,532,0
US,15,1066
US,473,31975
US,54,2542
US,300,17274
US,101,5250
US,16,1201
US,188,11225
US,49,3520
US,248,10840
US,87,4197
US,61,4142
US,55,5580
US,34,1036
US,4,498
US,52,1929
US,50,1759
US,14,645
US,56,3520
US,355,20130
US,37,3448
US,67,3538
US,39,2742
US,45,4897
US,37,2032
US,15,1841
US,53,3417
US,57,1905
US,26,2463
US,107,6816
US,43,1919
US,18,1564
US,28,1400
US,31,2746
US,58,2100
US,100,6814
US,45,3373
US,107,13894
US,25,1138
US,12,812
US,44,2534
US,93,6578
US,51,2976
US,228,15577
US,42,1638
US,48,2538
US,44,2167
US,28,1633
US,11,837
US,12,1137
US,37,1679
US,34,1540
US,53,2285
US,39,1847
US,48,2664
US,77,2152
US,47,3786
US,22,1254
US,26,1618
US,41,1166
US,29,2042
US,45,2704
US,78,5714
US,40,1973
US,100,17800
US,60,3651
US,34,1375
US,73,2693
US,87,5607
US,379,28680
US,51,1696
US,24,1122
US,41,1906
US,25,2143
US,56,3136
US,91,4997
US,84,6354
US,27,1972
US,43,1618
US,36,1074
US,34,1315
US,41,1389
US,113,6294
US,63,2238
US,17,911
US,27,2448
US,31,1408
US,87,4591
US,23,1093
US,716,73698
US,197,14073
US,40,2068
US,27,668
US,23,1563
US,271,24441
US,39,1742
US,76,5602
US,48,12751
US,76,2614
US,12,786
US,0,15
US,37,1594
US,21,827
US,136,5807
US,96,7634
US,55,3622
US,24,720
US,111,6876
US,32,1854
US,37,2308
US,242,18854
US,8,1067
US,45,2409
US,27,1851
US,21,1089
US,24,2336
US,7,489
US,56,3771
US,41,2407
US,40,1515
US,121,10680
US,4,342
US,8,490
US,77,3586
US,13,424
US,7,318
US,31,1204
US,27,1280
US,26,1154
US,11,247
US,124,5521
US,103,6656
US,13,332
US,60,2808
US,27,1351
US,101,12244
US,13,336
US,6,275
US,76,4467
US,28,1362
US,81,7297
US,90,7020
US,55,3724
US,54,4681
US,22,461
US,10,318
US,27,1202
US,16,825
US,2,150
US,14,958
US,1,269
US,19,895
US,80,4863
US,8,530
US,10,228
US,19,1936
US,47,2544
US,8,391
US,912,76717
US,12,722
US,20,1106
US,4,345
US,59,3467
US,7,164
US,121,10181
US,5,339
US,15,1569
US,8,401
US,91,5365
US,27,1549
US,28,1425
US,93,4327
US,14,661
US,59,4262
US,17,752
US,107,5307
US,23,755
US,9,337
US,56,1874
US,49,2501
US,17,484
US,30,1382
US,34,1944
US,14,399
US,14,700
US,0,0
US,15,1430
US,26,836
US,41,2746
US,26,1183
US,7,405
US,163,11025
US,14,868
US,15,1423
US,59,7920
US,11,772
US,15,498
US,33,1074
US,174,8189
US,27,737
US,955,79517
US,46,4559
US,445,25162
US,14,487
US,13,771
US,3,381
US,16,559
US,6,271
US,12,729
US,60,3156
US,22,1340
US,8,478
US,0,0
US,18,892
US,4,229
US,15,771
US,6,270
US,33,1473
US,9,390
US,358,27678
US,70,3114
US,63,3730
US,40,3292
US,19,657
US,133,7814
US,29,1554
US,90,5736
US,181,19761
US,32,3099
US,98,8188
US,79,5273
US,8,1075
US,24,1964
US,30,2635
US,118,11794
US,32,2295
US,46,2269
US,60,5111
US,92,12126
US,11,618
US,26,1827
US,57,4475
US,49,2563
US,125,10093
US,36,5098
US,56,5069
US,32,1973
US,35,1158
US,15,1095
US,259,16609
US,28,1520
US,7,1300
US,12,2172
US,383,50887
US,32,2087
US,109,6898
US,75,6786
US,16,728
US,38,1207
US,45,2741
US,30,3950
US,120,7113
US,84,4597
US,29,2202
US,78,6196
US,17,1373
US,252,17643
US,124,5276
US,35,3206
US,61,3447
US,98,7864
US,24,2510
US,19,547
US,191,7894
US,49,2547
US,1556,117371
US,90,7932
US,46,3646
US,243,23135
US,36,2363
US,52,7094
US,45,2357
US,111,12677
US,38,2556
US,31,1710
US,18,2122
US,65,3750
US,55,2462
US,80,4230
US,41,1371
US,79,4994
US,26,1925
US,145,15532
US,20,2152
US,43,3824
US,76,4967
US,35,1848
US,62,2489
US,167,9898
US,48,3292
US,38,1440
US,35,3420
US,21,813
US,72,4370
US,38,1868
US,59,2240
US,51,4401
US,6,2822
US,87,5487
US,77,8134
US,17,1132
US,78,4276
US,91,9940
US,22,1335
US,15,970
US,16,1991
US,87,5962
US,159,10393
US,21,2442
US,169,10102
US,16,331
US,29,3114
US,26,3451
US,55,3448
US,46,8126
US,104,6882
US,50,3145
US,33,2809
US,79,5242
US,30,1686
US,21,1999
US,14,1168
US,0,9
US,30,2461
US,240,25278
US,44,2291
US,55,2870
US,34,2438
US,82,8658
US,10,1167
US,27,3325
US,249,10379
US,112,4672
US,235,21640
US,57,3619
US,177,7036
US,122,6026
US,95,2474
US,397,21522
US,938,39076
US,602,34107
US,38,2212
US,9,857
US,48,1775
US,63,1998
US,77,3185
US,107,4701
US,1147,63370
US,30,1587
US,142,4459
US,139,5744
US,137,4646
US,77,3794
US,223,12346
US,122,5782
US,63,2747
US,1150,69122
US,124,4676
US,45,2698
US,399,38387
US,306,17754
US,115,7001
US,369,24327
US,52,2219
US,114,4418
US,133,6540
US,985,46408
US,578,31224
US,0,0
US,38,3803
US,83,3825
US,455,21022
US,48,1397
US,77,4269
US,86,4458
US,97,6852
US,124,8811
US,18,1259
US,70,3442
US,168,6270
US,342,13904
US,160,8331
US,217,8498
US,710,43240
US,497,22581
US,8,516
US,329,19243
US,0,575
US,103,3954
US,184,10090
US,159,6196
US,209,7908
US,146,6492
US,72,4356
US,47,1941
US,40,1508
US,58,2605
US,96,10339
US,79,3653
US,223,21238
US,20,2114
US,47,2591
US,100,9299
US,12,1833
US,5,1719
US,0,0
US,74,4815
US,172,11665
US,11,1260
US,12,1889
US,44,4015
US,0,8
US,31,2275
US,20,1702
US,149,17310
US,242,9538
US,754,52107
US,1817,75644
US,1327,60812
US,101,5557
US,47,3085
US,287,11546
US,174,8558
US,251,14244
US,77,4017
US,372,23779
US,77,2981
US,349,20222
US,274,22401
US,55,1675
US,1697,81487
US,1708,98784
US,70,3792
US,52,3282
US,160,9549
US,51,2782
US,58,0
US,380,18994
US,211,10793
US,117,4921
US,514,17329
US,318,8479
US,1853,79570
US,7,3734
US,2494,111055
US,122,3356
US,1643,64426
US,318,11458
US,3900,156101
US,1853,63429
US,1508,58039
US,1908,106168
US,6,56800
US,2384,93367
US,40,1043
US,8,827
US,184,14151
US,69,2968
US,36,2243
US,33,1671
US,45,1077
US,81,7489
US,379,14201
US,38,1592
US,328,18802
US,110,6260
US,345,18176
US,88,6902
US,31,2376
US,63,2694
US,42,3611
US,97,3550
US,105,9643
US,16,1242
US,103,5549
US,80,3851
US,236,12716
US,49,3258
US,5,321
US,1059,50167
US,68,3116
US,53,1766
US,117,8531
US,125,5427
US,118,5940
US,55,3812
US,89,4658
US,444,30047
US,90,8400
US,92,2817
US,55,1377
US,111,8538
US,321,19777
US,443,28740
US,35,1684
US,961,90013
US,4,235
US,20,911
US,238,11199
US,24,1572
US,190,12433
US,229,22092
US,5,683
US,7,1215
US,2643,117842
US,32,1634
US,75,6815
US,45,2965
US,44,4437
US,49,3211
US,153,27162
US,125,9874
US,34,1792
US,295,19666
US,123,8157
US,25,862
US,411,20478
US,79,6312
US,2638,141782
US,69,3566
US,54,2590
US,22,593
US,34,2836
US,33,903
US,51,3102
US,489,39985
US,21,2303
US,36,1311
US,62,2344
US,658,26323
US,132,4831
US,5,753
US,125,8333
US,503,21672
US,117,8068
US,190,7125
US,0,43
US,157,8936
US,321,32339
US,5504,193928
US,51,3479
US,42,1784
US,513,53010
US,62,5187
US,76,6332
US,108,7363
US,4,787
US,59,9495
US,46,3988
US,66,4386
US,54,13369
US,42,4131
US,39,1858
US,62,8166
US,98,10065
US,18,1333
US,0,242
US,27,1930
US,105,9254
US,520,56158
US,9,2681
US,89,6161
US,30,2146
US,12,2363
US,42,4808
US,83,6036
US,9,766
US,1905,151329
US,17,2290
US,44,2836
US,72,5581
US,78,5969
US,14,1441
US,30,1871
US,95,8191
US,22,595
US,19,1372
US,24,950
US,21,1062
US,4,452
US,31,3783
US,5,752
US,56,4444
US,12,863
US,19,1314
US,34,3165
US,68,5808
US,52,3504
US,65,4035
US,65,5415
US,40,6317
US,10,1313
US,51,4230
US,52,4770
US,9,845
US,118,17821
US,104,7807
US,27,2132
US,30,4199
US,27,1316
US,77,5025
US,8,1532
US,972,62614
US,9,576
US,43,2341
US,49,2242
US,131,9855
US,19,1532
US,24,2589
US,159,21316
US,111,15232
US,12,2045
US,352,23178
US,252,27922
US,25,5724
US,11,1223
US,19,1326
US,36,3893
US,5,500
US,124,528
US,5,2849
US,29,2302
US,29,3226
US,327,33145
US,11,1687
US,14,1002
US,53,6036
US,170,20879
US,20,1511
US,119,4570
US,101,5633
US,54,2039
US,89,3302
US,38,1474
US,145,6266
US,45,2779
US,38,1674
US,67,2967
US,26,1330
US,37,1312
US,94,2906
US,75,3063
US,104,4115
US,91,4451
US,94,4273
US,398,31839
US,250,13412
US,28,1191
US,79,4918
US,48,2155
US,108,3692
US,126,7697
US,530,34102
US,622,31837
US,87,2669
US,38,1290
US,7,193
US,104,4596
US,377,24314
US,65,3282
US,34,942
US,42,1706
US,241,13772
US,41,1412
US,138,8454
US,135,10470
US,314,11937
US,40,2111
US,87,4077
US,234,15427
US,143,4627
US,134,5417
US,185,10934
US,279,14525
US,107,4216
US,132,6386
US,174,6727
US,56,1790
US,205,6606
US,79,3808
US,40,1853
US,129,7111
US,131,6460
US,237,9431
US,55,2047
US,152,5784
US,101,6609
US,81,4641
US,27,1062
US,388,21881
US,98,4709
US,20,640
US,116,4421
US,50,2625
US,64,3584
US,104,4215
US,51,2252
US,109,4546
US,81,4653
US,91,3563
US,39,1586
US,0,0
US,94,5960
US,63,2177
US,176,6642
US,156,7365
US,72,4385
US,45,2016
US,39,1045
US,91,3131
US,47,2326
US,86,4385
US,32,3401
US,24,2732
US,7,660
US,64,3701
US,60,4260
US,27,1769
US,42,2278
US,44,2590
US,19,1735
US,135,24599
US,182,13385
US,71,6614
US,20,1124
US,67,7372
US,122,6270
US,153,12260
US,26,1368
US,14,1068
US,158,14134
US,30,1665
US,8,1022
US,157,12817
US,12,976
US,214,14731
US,77,2829
US,170,12793
US,33,2717
US,56,3575
US,17,865
US,42,2248
US,14,1016
US,33,1459
US,41,1888
US,45,1620
US,60,4284
US,214,14257
US,49,2164
US,26,1278
US,661,42934
US,47,1563
US,17,1102
US,49,3226
US,21,1086
US,16,606
US,12,1399
US,73,5668
US,14,1352
US,672,55222
US,346,22261
US,320,31807
US,72,7055
US,814,62633
US,3,507
US,126,5235
US,73,4573
US,104,5156
US,22,1635
US,67,9135
US,26,1823
US,62,2552
US,20,2170
US,24,2303
US,18,978
US,63,5124
US,45,3539
US,3,436
US,76,3974
US,39,2170
US,38,2565
US,12,1304
US,19,1522
US,57,2601
US,55,3292
US,122,7699
US,34,3329
US,11,1325
US,23,2114
US,30,1098
US,42,2040
US,33,3062
US,102,7260
US,178,6134
US,35,2492
US,61,5875
US,50,5087
US,78,5126
US,10,617
US,14,1522
US,36,3576
US,50,2909
US,6,698
US,24,1902
US,46,4054
US,9,412
US,4,374
US,111,7099
US,17,976
US,9,915
US,535,55390
US,14,1248
US,161,11878
US,2525,127979
US,600,31105
US,29,2362
US,67,4305
US,84,3921
US,14,1181
US,151,8940
US,42,2942
US,0,0
US,64,2983
US,44,4953
US,65,3892
US,18,1566
US,87,5685
US,2,218
US,47,2531
US,15,1382
US,81,2958
US,24,1187
US,16,789
US,20,1275
US,5,177
US,217,14218
US,8,655
US,29,2003
US,9,263
US,40,1498
US,24,1525
US,4,428
US,37,1513
US,153,18435
US,73,19349
US,3,119
US,50,2046
US,3,76
US,2,352
US,57,3068
US,10,1605
US,1,141
US,58,3822
US,106,10234
US,1,250
US,52,3182
US,11,1197
US,2,252
US,8,242
US,11,672
US,140,15183
US,17,528
US,27,2085
US,1,17
US,23,715
US,4,744
US,9,265
US,14,1249
US,2,154
US,65,4812
US,18,1637
US,58,1881
US,56,1598
US,18,1290
US,7,492
US,98,5490
US,20,1056
US,7,526
US,9,787
US,12,945
US,1,81
US,0,0
US,24,1188
US,12,249
US,7,161
US,349,26623
US,46,3837
US,7,676
US,1,24
US,0,53
US,0,38
US,4,688
US,8,1457
US,3,229
US,2,299
US,57,7240
US,12,761
US,11,1053
US,16,3440
US,11,946
US,5,510
US,7,394
US,16,1229
US,11,886
US,21,1739
US,15,1135
US,19,1198
US,65,4610
US,12,1009
US,31,3585
US,1,161
US,9,733
US,62,5730
US,718,85530
US,4,233
US,8,691
US,4,310
US,1,358
US,5,630
US,19,2507
US,1,155
US,1,253
US,5,235
US,4,66
US,1,265
US,117,9696
US,17,1252
US,0,266
US,0,71
US,5,327
US,16,1150
US,2,76
US,10,698
US,1,797
US,9,690
US,5,820
US,10,906
US,0,68
US,1,524
US,12,1033
US,170,41087
US,60,5191
US,0,96
US,0,58
US,44,5548
US,1,50
US,15,1018
US,7,716
US,10,506
US,15,891
US,11,536
US,10,1848
US,1,281
US,11,330
US,10,1283
US,20,760
US,50,5142
US,9,748
US,15,1529
US,19,897
US,2,126
US,2,2386
US,131,27744
US,16,3067
US,48,5502
US,32,2282
US,10,725
US,4,336
US,0,52
US,11,470
US,4,680
US,1,67
US,11,1024
US,215,2212
US,2,458
US,25,2721
US,7,1209
US,7,478
US,0,70
US,11,2303
US,149,8579
US,60,3604
US,5835,326538
US,53,4515
US,103,7870
US,2,58
US,0,153
US,25,2109
US,14,707
US,5,509
US,99,6221
US,11,541
US,152,4286
US,26,1092
US,4,201
US,0,0
US,873,62532
US,10,1150
US,122,5893
US,19,3544
US,47,5454
US,52,3181
US,30,5606
US,671,44381
US,131,12918
US,297,30304
US,117,12807
US,33,3070
US,1,889
US,755,38881
US,2976,118678
US,937,53754
US,1425,67018
US,236,12373
US,475,20637
US,3140,105678
US,715,37665
US,2383,96822
US,190,11824
US,1001,38944
US,2449,105243
US,1727,91039
US,1298,57367
US,2324,93403
US,2003,80984
US,201,7650
US,874,34546
US,327,16896
US,0,630
US,2036,79353
US,253,11899
US,1097,73866
US,7,196
US,196,12405
US,139,3561
US,47,1239
US,113,7233
US,3,229
US,530,29317
US,196,10695
US,49,2308
US,15,602
US,2,42
US,11,556
US,264,13374
US,29,2805
US,9,766
US,94,3877
US,502,14432
US,11,355
US,97,6189
US,19,991
US,83,4646
US,68,2651
US,542,20008
US,22,2524
US,269,15522
US,167,12838
US,55,1016
US,62,1661
US,63,2313
US,19,1354
US,0,4929
US,12,340
US,138,8915
US,386,30510
US,96,4542
US,6745,206791
US,403,24121
US,112,7586
US,107,8582
US,172,12281
US,153,10740
US,86,4635
US,38,6631
US,111,4966
US,79,5284
US,47,3507
US,497,35411
US,1938,105477
US,31,2245
US,20,4179
US,102,6228
US,132,6904
US,86,4342
US,3,434
US,125,6671
US,74,8675
US,10834,331299
US,38,3550
US,71,5649
US,102,6092
US,1180,83519
US,138,5865
US,3286,213603
US,4632,167492
US,397,23795
US,582,28347
US,755,51456
US,110,9244
US,909,57192
US,87,4280
US,112,11449
US,54,4526
US,310,0
US,96,12420
US,10273,313827
US,167,14618
US,1930,88293
US,779,52859
US,197,20034
US,227,16525
US,21,2272
US,17,1513
US,63,2716
US,124,10354
US,173,9972
US,3590,238318
US,83,8394
US,71,5012
US,59,6463
US,277,17179
US,24,144
US,81,5371
US,67,4533
US,84,8018
US,2338,143388
US,57,4336
US,27,1588
US,332,25869
US,112,6353
US,6,1590
US,77,3781
US,48,3381
US,32,2675
US,124,6934
US,49,2434
US,94,5407
US,230,15967
US,412,27486
US,213,15474
US,325,32263
US,204,13023
US,8,1087
US,81,8194
US,37,3138
US,409,27883
US,91,6649
US,74,4613
US,40,2247
US,35,1634
US,300,18044
US,221,9894
US,152,14051
US,451,44099
US,25,2656
US,12,3683
US,296,25347
US,70,6286
US,176,9811
US,257,33963
US,124,7817
US,540,50752
US,60,9701
US,595,39320
US,18,1059
US,27,1311
US,99,7789
US,56,3257
US,857,66455
US,134,7739
US,249,18056
US,138,7258
US,195,14918
US,70,2787
US,78,7003
US,12,822
US,314,28258
US,70,5534
US,316,31817
US,29,1297
US,105,9299
US,148,9369
US,107,14677
US,54,4867
US,57,2718
US,67,3578
US,121,8461
US,1211,154718
US,18,1986
US,108,4438
US,245,13404
US,226,15116
US,281,28341
US,62,2563
US,249,28084
US,109,11600
US,24,1681
US,101,4994
US,97,8709
US,15,1496
US,87,5036
US,139,29209
US,44,2273
US,303,21297
US,134,7012
US,422,24681
US,192,11705
US,437,25869
US,302,11191
US,130,11069
US,106,5636
US,179,11421
US,104,6052
US,221,12044
US,22,1932
US,48,3842
US,7,542
US,0,3
US,328,35655
US,98,6627
US,875,126788
US,28,2322
US,37,1560
US,38,6478
US,297,15619
US,174,10393
US,226,13019
US,70,5890
US,29,2751
US,4,369
US,33,1766
US,20,1268
US,0,90
US,21,942
US,7,551
US,3,295
US,226,21582
US,234,30778
US,5,521
US,33,959
US,2,257
US,7,683
US,6,517
US,15,538
US,19,638
US,4,331
US,84,12658
US,7,307
US,2,362
US,5,457
US,11,351
US,17,655
US,11,319
US,23,846
US,8,445
US,20,2249
US,33,1721
US,12,1674
US,110,7132
US,25,1833
US,16,536
US,3,198
US,11,1148
US,27,744
US,33,2124
US,19,913
US,14,368
US,19,2449
US,31,2774
US,7,594
US,3,152
US,15,851
US,0,42
US,60,7377
US,2,246
US,85,4288
US,11,377
US,19,1245
US,34,0
US,29,2214
US,212,12582
US,9,561
US,48,6607
US,3,289
US,87,4108
US,269,15701
US,125,6790
US,197,9460
US,72,7680
US,96,6661
US,197,9096
US,82,6280
US,707,51008
US,59,2959
US,71,5044
US,349,19599
US,321,27899
US,90,5758
US,263,13703
US,82,4697
US,130,6169
US,2412,144542
US,151,7536
US,102,6067
US,162,23941
US,180,10640
US,241,22145
US,60,4213
US,1662,162448
US,96,5915
US,65,4104
US,157,8813
US,311,22060
US,67,5703
US,1409,104360
US,149,9525
US,76,4099
US,42,1782
US,71,3574
US,99,5885
US,78,3511
US,122,3555
US,139,8209
US,70,4958
US,191,8468
US,138,7585
US,434,26609
US,137,9647
US,283,23482
US,92,5710
US,568,35055
US,904,55560
US,76,5865
US,672,30234
US,175,11770
US,305,21706
US,49,2583
US,93,6075
US,296,15335
US,53,2122
US,1240,73065
US,32,1902
US,56,4497
US,174,14518
US,46,1959
US,86,4783
US,45,2755
US,61,5121
US,141,11270
US,62,4302
US,247,17662
US,121,5648
US,108,5242
US,280,18295
US,196,10433
US,145,7695
US,154,11356
US,144,7193
US,111,6401
US,1053,45814
US,1094,60940
US,552,22477
US,298,12448
US,5,0
US,56,8095
US,78,3624
US,24,1620
US,369,32425
US,137,8017
US,263,13570
US,84,5173
US,220,17201
US,61,3171
US,57,4818
US,7,1290
US,30,2698
US,6,550
US,63,3382
US,26,1477
US,103,8479
US,114,5094
US,238,22572
US,158,8805
US,103,8912
US,43,2701
US,2,306
US,540,42536
US,19,1027
US,269,20807
US,20,951
US,29,2950
US,231,10901
US,115,4902
US,139,7180
US,16,659
US,6,437
US,157,9849
US,95,4659
US,156,7911
US,7,690
US,23,739
US,6,360
US,8,484
US,26,1829
US,37,1658
US,67,3808
US,18,920
US,44,1915
US,148,7044
US,44,2544
US,30,1117
US,14,1451
US,77,7885
US,101,4769
US,97,5975
US,26,1970
US,28,1219
US,26,2681
US,105,6642
US,92,7325
US,113,5603
US,80,2831
US,51,2574
US,243,13176
US,28,1865
US,24,1760
US,34,2273
US,1577,117180
US,119,5767
US,117,6765
US,90,5970
US,0,0
US,60,2590
US,100,11775
US,108,6569
US,93,6701
US,173,11809
US,34,1747
US,12,487
US,260,15443
US,92,3755
US,79,6606
US,122,7364
US,37,3998
US,21,972
US,1505,105510
US,0,4431
US,191,12429
US,183,8310
US,25,1454
US,22,1599
US,43,3681
US,28,1980
US,30,5291
US,304,29094
US,29,2395
US,43,3713
US,91,4896
US,45,2747
US,22,1781
US,123,19577
US,240,11795
US,4,148
US,12,976
US,24,1084
US,37,1883
US,300,22632
US,50,3614
US,195,9233
US,110,7709
US,11,890
US,298,26966
US,38,3106
US,120,12380
US,74,5515
US,444,36055
US,23,1816
US,689,54797
US,80,7153
US,3,146
US,28,1933
US,144,14241
US,0,0
US,46,3131
US,12,670
US,40,2815
US,313,37988
US,1,99
US,110,8517
US,211,12818
US,2257,127653
US,187,8455
US,454,21252
US,160,6531
US,1122,57027
US,369,16620
US,112,7441
US,1404,71862
US,485,24244
US,487,18623
US,10,475
US,196,8576
US,241,20179
US,866,49427
US,118,4531
US,188,10803
US,71,4717
US,149,7541
US,181,10467
US,596,27225
US,623,33756
US,1488,61037
US,53,3929
US,466,27971
US,381,17082
US,24,1571
US,432,21138
US,26,2123
US,52,4637
US,152,6640
US,215,8588
US,112,4686
US,114,2791
US,510,22271
US,1281,69367
US,256,10444
US,324,20047
US,922,47612
US,903,39672
US,340,15584
US,82,4917
US,311,13152
US,187,6955
US,353,19146
US,1824,83740
US,70,2435
US,778,43670
US,396,12263
US,116,5118
US,3966,178723
US,59,5226
US,38,1810
US,458,18488
US,98,4573
US,241,10234
US,24,569
US,65,3504
US,125,4307
US,0,0
US,97,7184
US,126,5999
US,117,3759
US,378,24627
US,103,5504
US,869,43419
US,59,2673
US,940,60078
US,0,584
US,0,2192
US,0,2670
US,0,1449
US,0,887
US,0,1231
US,0,4027
US,0,387
US,0,1019
US,0,1473
US,0,13401
US,0,1540
US,0,7837
US,0,1547
US,0,2634
US,0,11318
US,0,1606
US,0,1660
US,0,530
US,0,910
US,0,1674
US,0,1114
US,0,894
US,0,1932
US,0,51
US,0,2736
US,0,1706
US,0,691
US,0,333
US,0,1086
US,0,487
US,0,5763
US,0,2698
US,0,1658
US,0,586
US,0,2574
US,0,2302
US,0,423
US,0,1477
US,0,2705
US,0,643
US,0,1063
US,0,332
US,0,1942
US,0,1556
US,0,1061
US,0,1855
US,0,131
US,0,444
US,0,3291
US,0,2121
US,0,1700
US,0,1340
US,0,1893
US,0,987
US,0,434
US,0,411
US,0,685
US,0,4868
US,0,1223
US,0,791
US,0,2847
US,0,605
US,0,967
US,0,914
US,0,24490
US,0,2106
US,0,1862
US,0,625
US,0,4868
US,0,5122
US,0,3861
US,3207,4110
US,0,1186
US,0,2399
US,0,3885
US,0,185
US,0,885
US,0,1346
US,0,1022
US,0,0
US,149,5930
US,388,22129
US,51,8560
US,2082,112799
US,15,13241
US,175,13746
US,49,3764
US,324,26575
US,21,1341
US,713,35853
US,63,2125
US,82,3852
US,298,26935
US,329,30720
US,51,1725
US,684,64400
US,230,9843
US,106,6304
US,143,7112
US,135,4993
US,188,5590
US,226,11788
US,111,6334
US,365,33412
US,54,4379
US,93,3240
US,527,26367
US,167,9547
US,1373,103291
US,212,12113
US,72,3065
US,851,61259
US,78,3904
US,197,11801
US,221,15712
US,211,11412
US,74,2497
US,691,53628
US,136,5384
US,77,4775
US,30,1332
US,143,7385
US,202,15221
US,324,14373
US,443,27275
US,749,68074
US,54,2508
US,1129,60836
US,290,15851
US,0,0
US,100,4420
US,123,5612
US,493,46055
US,16,537
US,43,3216
US,9,455
US,29,1616
US,38,5045
US,99,6483
US,11,798
US,14,448
US,27,1773
US,4,159
US,26,1706
US,5,502
US,18,2150
US,83,5386
US,13,659
US,15,1298
US,69,3673
US,30,800
US,11,642
US,31,1744
US,9,508
US,14,582
US,22,940
US,14,395
US,43,1310
US,30,691
US,11,318
US,40,1004
US,6,391
US,4,433
US,1,157
US,44,2843
US,28,1031
US,1,157
US,16,377
US,17,299
US,1,137
US,18,907
US,20,1545
US,56,4223
US,78,10091
US,11,716
US,6,427
US,25,895
US,7,312
US,44,4374
US,2,317
US,11,349
US,385,36752
US,20,763
US,52,2368
US,243,19958
US,14,408
US,4,408
US,43,1509
US,3,376
US,27,1010
US,3,413
US,3,153
US,36,1525
US,18,836
US,60,1308
US,0,0
US,44,2578
US,18,885
US,37,3545
US,9,382
US,212,12734
US,154,9019
US,50,2742
US,17,3455
US,259,23412
US,187,21875
US,79,6993
US,40,2771
US,100,5660
US,209,10374
US,67,6932
US,72,3494
US,104,5333
US,36,1501
US,104,7262
US,150,10403
US,62,3334
US,214,10917
US,1130,119839
US,67,4159
US,44,2400
US,160,10249
US,142,8045
US,100,7220
US,64,3576
US,100,7838
US,187,10566
US,114,5955
US,65,4284
US,235,13339
US,37,2778
US,193,12875
US,641,62765
US,20,1188
US,79,5066
US,81,5489
US,164,10046
US,72,3789
US,99,5673
US,85,5426
US,73,4536
US,43,1816
US,45,3173
US,40,2054
US,141,9786
US,47,3489
US,884,77415
US,31,2004
US,61,5182
US,115,9438
US,37,2499
US,80,6595
US,93,9007
US,89,5419
US,304,17432
US,52,5694
US,84,6783
US,223,19164
US,125,10345
US,65,4554
US,28,2147
US,121,9587
US,325,32477
US,21,1424
US,46,3748
US,110,6551
US,132,29154
US,79,4730
US,34,1585
US,24,1069
US,29,3150
US,214,16527
US,91,6909
US,147,9828
US,175,13937
US,525,61071
US,58,5066
US,32,2942
US,258,19746
US,2194,143018
US,50,4139
US,34,2109
US,412,26265
US,404,33846
US,126,11234
US,25,3137
US,117,21571
US,64,3104
US,45,3029
US,27,1218
US,113,8493
US,321,21354
US,39,4003
US,87,6202
US,95,5551
US,266,39203
US,326,26783
US,195,7947
US,53,2766
US,389,13624
US,63,2585
US,19,1225
US,7,279
US,199,8474
US,51,3446
US,23,999
US,51,2268
US,164,14202
US,19,542
US,124,5281
US,684,38125
US,4981,317916
US,28,1299
US,2,42
US,55,2413
US,316,12611
US,804,59077
US,350,38342
US,19,1083
US,7,216
US,47,1117
US,165,6934
US,59,3241
US,114,7308
US,146,8337
US,35,3886
US,53,1756
US,1760,65079
US,64,1997
US,24,766
US,142,4439
US,35,1294
US,56,8719
US,210,6758
US,20,1545
US,23,1517
US,18,438
US,16,674
US,52,1041
US,1081,127569
US,11,387
US,51,2526
US,441,19093
US,63,2135
US,10,702
US,98,5044
US,154,10672
US,9,226
US,17,855
US,16,779
US,36,990
US,11,387
US,29,1192
US,5173,398928
US,76,2122
US,81,2954
US,74,3364
US,20,599
US,972,105172
US,12,245
US,45,3764
US,18,568
US,56,1949
US,76,2106
US,519,25438
US,7,324
US,2843,147151
US,438,32780
US,100,6236
US,43,2607
US,143,4912
US,92,3577
US,16,411
US,37,1147
US,10,181
US,932,98307
US,34,1306
US,66,2724
US,68,3884
US,59,2120
US,683,63533
US,22,706
US,77,3500
US,3,152
US,28,699
US,83,3529
US,77,3448
US,469,16000
US,528,19096
US,103,5116
US,326,23933
US,185,7820
US,15,540
US,29,1292
US,26,1111
US,13,449
US,204,10288
US,8843,569900
US,173,9073
US,2,841
US,31,599
US,385,32456
US,3,691
US,324,9639
US,3409,116517
US,153,5752
US,130,4179
US,192,9523
US,144,5280
US,78,2832
US,130,5728
US,14,581
US,280,10776
US,86,3562
US,2,186
US,20,893
US,50,2773
US,147,3974
US,6,207
US,672,31439
US,20,899
US,173,7086
US,521,27746
US,70,3174
US,55,3992
US,405,23536
US,95,5033
US,2,60
US,3,123
US,127,6472
US,11,440
US,0,16
US,8,508
US,125,4283
US,20,335
US,37,1201
US,200,8689
US,88,2948
US,60,3495
US,93,3144
US,49,2906
US,65,2434
US,333,12630
US,107,3618
US,12,379
US,38,1758
US,71,2561
US,0,8
US,975,64867
US,27,829
US,43,2452
US,49,1159
US,23,829
US,7,558
US,153,6022
US,401,12660
US,36,916
US,695,41741
US,7,115
US,159,6814
US,11,340
US,359,27763
US,79,3709
US,26,862
US,38,897
US,90,3015
US,1020,86884
US,84,3418
US,50,1638
US,9,153
US,222,7677
US,181,8642
US,50,935
US,75,2439
US,1236,66285
US,35,1484
US,6,337
US,275,13602
US,112,4626
US,107,2931
US,293,23746
US,35,1512
US,49,2227
US,195,5885
US,543,23053
US,28,896
US,39,1500
US,340,23251
US,10,589
US,18,526
US,48,1355
US,52,3477
US,31,1192
US,1,94
US,62,2932
US,213,17309
US,53,1689
US,168,8078
US,70,945
US,35,888
US,74,2806
US,275,6906
US,27,990
US,9,349
US,81,3171
US,5,423
US,108,2911
US,15,294
US,758,36039
US,21,1456
US,331,11518
US,35,1137
US,5,163
US,6,217
US,11,609
US,22,1470
US,4526,355999
US,527,22454
US,3,106
US,64,2062
US,6,118
US,101,5678
US,374,24720
US,1391,118150
US,59,1554
US,68,2426
US,0,0
US,129,5760
US,14,597
US,105,6269
US,242,10521
US,203,7857
US,334,13013
US,176,11595
US,75,6402
US,27,1883
US,125,5685
US,892,56501
US,175,6185
US,13,745
US,481,21692
US,61,2284
US,109,4694
US,684,75034
US,129,7404
US,27,1166
US,188,11056
US,216,6393
US,30,1181
US,64,2817
US,45,2198
US,53,2503
US,143,29406
US,107,13192
US,251,52634
US,1120,188954
US,41,2324
US,40,5559
US,377,39639
US,18,6625
US,63,11269
US,64,7936
US,2,1432
US,524,122111
US,28,5868
US,289,42198
US,8,1424
US,26,2933
US,14,1670
US,122,10816
US,2,469
US,47,2987
US,2,329
US,6,1217
US,5,1219
US,13,2460
US,27,3670
US,0,30
US,20,3357
US,24,2171
US,29,2566
US,78,7074
US,74,3970
US,95,7834
US,148,14019
US,65,2058
US,39,1372
US,55,4252
US,36,2335
US,269,18265
US,114,9884
US,14,452
US,144,9670
US,15,1045
US,45,3703
US,47,2222
US,32,1765
US,57,2309
US,37,2604
US,23,1261
US,132,6967
US,49,3776
US,90,3795
US,19,670
US,25,1239
US,59,5248
US,350,28299
US,526,38728
US,22,1319
US,64,2548
US,15,741
US,6,527
US,79,6296
US,16,702
US,180,6121
US,26,1568
US,51,3054
US,42,863
US,17,1211
US,1170,90382
US,20,643
US,8,540
US,83,6776
US,28,1368
US,21,2542
US,98,5840
US,41,1593
US,138,11285
US,25,3007
US,61,1487
US,29,2187
US,72,3781
US,29,1955
US,45,2014
US,32,2163
US,26,1861
US,101,3786
US,236,14750
US,191,11479
US,103,8128
US,703,33701
US,147,6248
US,2,168
US,85,3632
US,83,4350
US,92,6859
US,22,2533
US,24,1857
US,8,607
US,21,1046
US,57,3605
US,34,1540
US,294,33536
US,44,3098
US,19,1051
US,184,11594
US,20,960
US,51,5018
US,12,1264
US,87,1989
US,20,874
US,81,3320
US,28,931
US,100,11577
US,16,1304
US,22,2310
US,288,20193
US,326,23974
US,41,1135
US,30,1182
US,13,544
US,64,2544
US,51,3563
US,73,3263
US,55,1967
US,106,5158
US,105,7884
US,19,1308
US,233,12376
US,27,2734
US,50,2886
US,38,4858
US,549,54059
US,81,3980
US,31,2856
US,4,559
US,12,1707
US,333,23458
US,162,11520
US,231,11795
US,57,2042
US,146,9147
US,58,3655
US,57,3340
US,75,2991
US,154,6184
US,110,4678
US,63,2360
US,144,14577
US,103,15574
US,81,3322
US,224,10700
US,10,595
US,26,1536
US,95,5551
US,0,0
US,526,48959
US,79,4807
US,140,7355
US,44,3551
US,31,1780
US,14,1125
US,53,3656
US,123,5047
US,93,4347
US,73,5325
US,29,3156
US,48,2688
US,360,30532
US,101,10753
US,52,4532
US,461,39759
US,8,352
US,222,12921
US,38,5861
US,13,752
US,178,19811
US,7,239
US,139,15409
US,119,8301
US,44,3740
US,16,1021
US,1924,158435
US,215,16097
US,53,4813
US,18,1860
US,144,9621
US,19,1316
US,65,5512
US,73,4910
US,28,1755
US,20,1465
US,846,88562
US,0,322
US,105,10334
US,6,715
US,732,62201
US,956,69209
US,80,4753
US,216,19516
US,4,1537
US,5,271
US,99,8568
US,152,15570
US,68,5614
US,571,42233
US,43,2592
US,173,17936
US,51,3416
US,15,2063
US,69,2989
US,253,14511
US,4,879
US,17,1181
US,10,1176
US,114,5946
US,9,1316
US,32,2085
US,88,4757
US,47,3082
US,108,4057
US,28,2329
US,136,10728
US,79,3813
US,80,6652
US,449,23800
US,46,2928
US,42,2678
US,130,5185
US,96,7754
US,106,5192
US,51,3535
US,44,2840
US,174,8423
US,108,4499
US,77,4447
US,129,12521
US,25,2051
US,40,2028
US,39,3485
US,102,5970
US,14,1079
US,30,1383
US,18,1108
US,77,4960
US,116,8492
US,165,10949
US,44,4948
US,17,1428
US,17,1411
US,30,1375
US,37,2130
US,20,1051
US,18,1339
US,0,0
US,58,3840
US,70,5520
US,17,1091
US,49,2461
US,12,821
US,228,12702
US,57,3512
US,33,2693
US,16,1783
US,91,8175
US,24,1595
US,315,44648
US,8,1914
US,30,2161
US,59,8092
US,115,10650
US,76,4692
US,78,7758
US,22,2245
US,365,56838
US,224,15741
US,38,3677
US,66,5835
US,45,6860
US,137,15817
US,13,614
US,159,17669
US,31,1481
US,112,7407
US,29,4474
US,30,2972
US,16,2691
US,42,853
US,31,3294
US,148,11619
US,34,4122
US,372,23566
US,41,3505
US,109,16966
US,12,2061
US,54,3064
US,107,4235
US,105,11331
US,261,20525
US,78,6475
US,32,2218
US,11,933
US,1590,148777
US,54,6254
US,76,7013
US,88,4809
US,267,29738
US,114,12126
US,10,1148
US,45,6163
US,80,6613
US,93,9321
US,11,1752
US,444,31155
US,22,2110
US,242,21920
US,33,2159
US,65,8166
US,31,2458
US,90,6875
US,186,17775
US,84,12551
US,44,2910
US,52,4837
US,0,0
US,55,2805
US,53,2992
US,187,15234
US,27,2136
US,219,21999
US,710,61445
US,181,8008
US,50,3579
US,256,26821
US,134,10309
US,31,6083
US,46,1956
US,87,8322
US,36,2598
US,31,2075
US,18,840
US,114,8244
US,34,2157
US,8,845
US,15,1139
US,179,15134
US,18,2592
US,165,13780
US,5,356
US,60,4798
US,24,1297
US,45,5021
US,13,1308
US,75,7259
US,13,5050
US,26,3711
US,0,0
US,29,1586
US,8,986
Uganda,3185,125186
Ukraine,1449,92859
Ukraine,1506,65821
Ukraine,2229,98266
Ukraine,2778,87646
Ukraine,5193,165336
Ukraine,2852,113802
Ukraine,2292,96220
Ukraine,4324,186410
Ukraine,1487,51157
Ukraine,2154,103531
Ukraine,5664,244230
Ukraine,3015,140856
Ukraine,923,22968
Ukraine,1305,41074
Ukraine,4174,163737
Ukraine,2087,78465
Ukraine,3582,170245
Ukraine,2035,88211
Ukraine,1383,91655
Ukraine,1192,34512
Ukraine,1597,92842
Ukraine,1437,82574
Ukraine,1872,79125
Ukraine,1349,71015
Ukraine,1678,65806
Ukraine,2905,126058
Ukraine,2141,102907
United Arab Emirates,2120,738586
United Kingdom,1,668
United Kingdom,95,5567
United Kingdom,37,2725
United Kingdom,2,1011
United Kingdom,100,12174
United Kingdom,121021,7187635
United Kingdom,0,69
United Kingdom,98,5758
United Kingdom,56,8578
United Kingdom,1,41
United Kingdom,2618,258516
United Kingdom,0,4
United Kingdom,8930,607767
United Kingdom,23,2925
United Kingdom,0,0
United Kingdom,6015,395247
Uruguay,6069,391044
Uzbekistan,1287,180958
Vanuatu,1,4
Venezuela,4719,392762
Vietnam,21194,864053
West Bank and Gaza,4556,447032
Yemen,1804,9526
Zambia,3658,209521
Zimbabwe,4658,132368
